{"cameraMode":{"drawMode":0,"name":"Shaded","section":"Shading Mode"},"sceneLighting":true,"audioPlay":false,"sceneViewState":{"m_AlwaysRefresh":false,"showFog":true,"showSkybox":true,"showFlares":true,"showImageEffects":true,"showParticleSystems":true,"showVisualEffectGraphs":true,"m_FxEnabled":true},"in2DMode":false,"pivot":{"x":-6.924282073974609,"y":9.399991989135743,"z":1.583317756652832},"rotation":{"x":-0.08271091431379318,"y":-0.009868655353784562,"z":0.0008191997185349464,"w":-0.9965257048606873},"size":18.863792419433595,"orthographic":false}