{"cameraMode":{"drawMode":0,"name":"Shaded","section":"Shading Mode"},"sceneLighting":true,"audioPlay":false,"sceneViewState":{"m_AlwaysRefresh":false,"showFog":true,"showSkybox":true,"showFlares":true,"showImageEffects":true,"showParticleSystems":true,"showVisualEffectGraphs":true,"m_FxEnabled":true},"in2DMode":false,"pivot":{"x":0.7075859904289246,"y":5.291611194610596,"z":6.20621919631958},"rotation":{"x":-0.08271091431379318,"y":-0.009868655353784562,"z":0.0008191997185349464,"w":-0.9965257048606873},"size":12.969611167907715,"orthographic":false}